,Кодон,Аминокислота,AK,Сокращение,Аминокислота.1,Полное_название_АК,Русское_название_АК
0,TTT,Phe,F,A,Ala,Alanine,Аланин
1,CTT,Leu,L,R,Arg,Arginine,Аргинин
2,ATT,Ile,I,N,Asn,Asparagine,Аспарагин
3,GTT,Val,V,D,Asp,Aspartic Acid,Аспарагиновая кислота
4,TCT,Ser,S,C,Cys,Cysteine,Цистеин
5,CCT,Pro,P,Q,Gln,Glutamine,Глютамин
6,ACT,Thr,T,E,Glu,Glutamic Acid,Глютаминовая кислота
7,GCT,Ala,A,G,Gly,Glycine,Глицин
8,TAT,Tyr,Y,H,His,Histidine,Гистидин
9,CAT,His,H,I,Ile,Isoleucine,Изолейцин
10,AAT,Asn,N,L,Leu,Leucine,Лейцин
11,GAT,Asp,D,K,Lys,Lysine,Лизин
12,TGT,Cys,C,M,Met,Methionine,Метионин
13,CGT,Arg,R,F,Phe,Phenylalanine,Фенилаланин
14,AGT,Ser,S,P,Pro,Proline,Пролин
15,GGT,Gly,G,S,Ser,Serine,Серин
16,TTC,Phe,F,T,Thr,Threonine,Треонин
17,CTC,Leu,L,W,Trp,Thryptophan,Триптофан
18,ATC,Ile,I,Y,Tyr,Tyrosine,Тирозин
19,GTC,Val,V,V,Val,Valine,Валин
20,TCC,Ser,S,,,,
21,CCC,Pro,P,,,,
22,ACC,Thr,T,,,,
23,GCC,Ala,A,,,,
24,TAC,Tyr,Y,,,,
25,CAC,His,H,,,,
26,AAC,Asn,N,,,,
27,GAC,Asp,D,,,,
28,TGC,Cys,C,,,,
29,CGC,Arg,R,,,,
30,AGC,Ser,S,,,,
31,GGC,Gly,G,,,,
32,TTA,Leu,L,,,,
33,CTA,Leu,L,,,,
34,ATA,Ile,I,,,,
35,GTA,Val,V,,,,
36,TCA,Ser,S,,,,
37,CCA,Pro,P,,,,
38,ACA,Thr,T,,,,
39,GCA,Ala,A,,,,
40,TAA,Stop,,,,,
41,CAA,Gln,Q,,,,
42,AAA,Lys,K,,,,
43,GAA,Glu,E,,,,
44,TGA,Stop,,,,,
45,CGA,Arg,R,,,,
46,AGA,Arg,R,,,,
47,GGA,Gly,G,,,,
48,TTG,Leu,L,,,,
49,CTG,Leu,L,,,,
50,ATG,Met,M,,,,
51,GTG,Val,V,,,,
52,TCG,Ser,S,,,,
53,CCG,Pro,P,,,,
54,ACG,Thr,T,,,,
55,GCG,Ala,A,,,,
56,TAG,Stop,,,,,
57,CAG,Gln,Q,,,,
58,AAG,Lys,K,,,,
59,GAG,Glu,E,,,,
60,TGG,Trp,W,,,,
61,CGG,Arg,R,,,,
62,AGG,Arg,R,,,,
63,GGG,Gly,G,,,,
